order_id,date,product,category,price,discount_percent,price_after_discount,quantity,total_amount,region,year,month,day,profit
ORD-1000,2023-01-01,Keyboard,Accessories,150,0,150.0,3,450.0,North,2023,1,1,180.0
ORD-1001,2023-01-01,Smartphone,Electronics,1800,0,1800.0,3,5400.0,East,2023,1,1,2160.0
ORD-1002,2023-01-01,Keyboard,Accessories,150,0,150.0,2,300.0,South,2023,1,1,120.0
ORD-1003,2023-01-01,Tablet,Electronics,1200,0,1200.0,1,1200.0,East,2023,1,1,480.0
ORD-1004,2023-01-01,Smartphone,Electronics,1800,15,1530.0,1,1530.0,North,2023,1,1,450.0
ORD-1005,2023-01-01,Laptop,Electronics,3500,15,2975.0,1,2975.0,East,2023,1,1,875.0
ORD-1006,2023-01-01,Keyboard,Accessories,150,0,150.0,1,150.0,East,2023,1,1,60.0
ORD-1007,2023-01-01,Tablet,Electronics,1200,0,1200.0,2,2400.0,East,2023,1,1,960.0
ORD-1008,2023-01-01,Monitor,Electronics,800,0,800.0,2,1600.0,North,2023,1,1,640.0
ORD-1009,2023-01-01,Monitor,Electronics,800,5,760.0,1,760.0,North,2023,1,1,280.0
ORD-1010,2023-01-02,Mouse,Accessories,80,0,80.0,1,80.0,South,2023,1,2,32.0
ORD-1011,2023-01-02,Laptop,Electronics,3500,0,3500.0,2,7000.0,North,2023,1,2,2800.0
ORD-1012,2023-01-02,Headphones,Accessories,350,15,297.5,1,297.5,North,2023,1,2,87.5
ORD-1013,2023-01-02,Monitor,Electronics,800,0,800.0,2,1600.0,South,2023,1,2,640.0
ORD-1014,2023-01-02,Smartphone,Electronics,1800,0,1800.0,3,5400.0,North,2023,1,2,2160.0
ORD-1015,2023-01-02,Headphones,Accessories,350,0,350.0,1,350.0,North,2023,1,2,140.0
ORD-1016,2023-01-02,Keyboard,Accessories,150,5,142.5,3,427.5,North,2023,1,2,157.5
ORD-1017,2023-01-02,Keyboard,Accessories,150,15,127.5,2,255.0,West,2023,1,2,75.0
ORD-1018,2023-01-02,Smartphone,Electronics,1800,5,1710.0,1,1710.0,East,2023,1,2,630.0
ORD-1019,2023-01-02,Tablet,Electronics,1200,15,1020.0,2,2040.0,East,2023,1,2,600.0
ORD-1020,2023-01-02,Smartphone,Electronics,1800,0,1800.0,1,1800.0,North,2023,1,2,720.0
ORD-1021,2023-01-03,Keyboard,Accessories,150,0,150.0,2,300.0,West,2023,1,3,120.0
ORD-1022,2023-01-03,Smartphone,Electronics,1800,0,1800.0,1,1800.0,North,2023,1,3,720.0
ORD-1023,2023-01-03,Printer,Electronics,600,0,600.0,1,600.0,West,2023,1,3,240.0
ORD-1024,2023-01-03,Monitor,Electronics,800,15,680.0,3,2040.0,West,2023,1,3,600.0
ORD-1025,2023-01-03,Mouse,Accessories,80,0,80.0,3,240.0,South,2023,1,3,96.0
ORD-1026,2023-01-03,Monitor,Electronics,800,0,800.0,3,2400.0,South,2023,1,3,960.0
ORD-1027,2023-01-03,Mouse,Accessories,80,0,80.0,3,240.0,South,2023,1,3,96.0
ORD-1028,2023-01-04,Mouse,Accessories,80,5,76.0,2,152.0,West,2023,1,4,56.0
ORD-1029,2023-01-04,Monitor,Electronics,800,5,760.0,1,760.0,East,2023,1,4,280.0
ORD-1030,2023-01-04,Headphones,Accessories,350,0,350.0,2,700.0,South,2023,1,4,280.0
ORD-1031,2023-01-04,Laptop,Electronics,3500,0,3500.0,1,3500.0,West,2023,1,4,1400.0
ORD-1032,2023-01-04,Headphones,Accessories,350,15,297.5,1,297.5,North,2023,1,4,87.5
ORD-1033,2023-01-04,Keyboard,Accessories,150,15,127.5,2,255.0,West,2023,1,4,75.0
ORD-1034,2023-01-05,Headphones,Accessories,350,0,350.0,3,1050.0,North,2023,1,5,420.0
ORD-1035,2023-01-05,Monitor,Electronics,800,0,800.0,1,800.0,North,2023,1,5,320.0
ORD-1036,2023-01-05,Laptop,Electronics,3500,0,3500.0,1,3500.0,South,2023,1,5,1400.0
ORD-1037,2023-01-06,Monitor,Electronics,800,15,680.0,1,680.0,West,2023,1,6,200.0
ORD-1038,2023-01-06,Printer,Electronics,600,0,600.0,2,1200.0,East,2023,1,6,480.0
ORD-1039,2023-01-06,Printer,Electronics,600,0,600.0,2,1200.0,South,2023,1,6,480.0
ORD-1040,2023-01-06,Smartphone,Electronics,1800,0,1800.0,2,3600.0,South,2023,1,6,1440.0
ORD-1041,2023-01-07,Headphones,Accessories,350,0,350.0,3,1050.0,East,2023,1,7,420.0
ORD-1042,2023-01-07,Laptop,Electronics,3500,10,3150.0,1,3150.0,East,2023,1,7,1050.0
ORD-1043,2023-01-07,Keyboard,Accessories,150,15,127.5,1,127.5,West,2023,1,7,37.5
ORD-1044,2023-01-07,Smartphone,Electronics,1800,5,1710.0,3,5130.0,East,2023,1,7,1890.0
ORD-1045,2023-01-07,Smartphone,Electronics,1800,15,1530.0,2,3060.0,West,2023,1,7,900.0
ORD-1046,2023-01-08,Keyboard,Accessories,150,0,150.0,1,150.0,South,2023,1,8,60.0
ORD-1047,2023-01-08,Laptop,Electronics,3500,15,2975.0,2,5950.0,North,2023,1,8,1750.0
ORD-1048,2023-01-08,Keyboard,Accessories,150,0,150.0,2,300.0,West,2023,1,8,120.0
ORD-1049,2023-01-08,Tablet,Electronics,1200,10,1080.0,1,1080.0,South,2023,1,8,360.0
ORD-1050,2023-01-08,Tablet,Electronics,1200,0,1200.0,3,3600.0,North,2023,1,8,1440.0
ORD-1051,2023-01-08,Mouse,Accessories,80,0,80.0,1,80.0,East,2023,1,8,32.0
ORD-1052,2023-01-08,Tablet,Electronics,1200,0,1200.0,1,1200.0,East,2023,1,8,480.0
ORD-1053,2023-01-09,Smartphone,Electronics,1800,0,1800.0,2,3600.0,North,2023,1,9,1440.0
ORD-1054,2023-01-09,Laptop,Electronics,3500,0,3500.0,2,7000.0,North,2023,1,9,2800.0
ORD-1055,2023-01-09,Headphones,Accessories,350,10,315.0,2,630.0,West,2023,1,9,210.0
ORD-1056,2023-01-09,Smartphone,Electronics,1800,0,1800.0,3,5400.0,East,2023,1,9,2160.0
ORD-1057,2023-01-09,Smartphone,Electronics,1800,5,1710.0,2,3420.0,East,2023,1,9,1260.0
ORD-1058,2023-01-09,Headphones,Accessories,350,0,350.0,1,350.0,East,2023,1,9,140.0
ORD-1059,2023-01-09,Mouse,Accessories,80,0,80.0,3,240.0,North,2023,1,9,96.0
ORD-1060,2023-01-10,Monitor,Electronics,800,5,760.0,3,2280.0,East,2023,1,10,840.0
ORD-1061,2023-01-10,Smartphone,Electronics,1800,0,1800.0,3,5400.0,North,2023,1,10,2160.0
ORD-1062,2023-01-11,Headphones,Accessories,350,0,350.0,2,700.0,East,2023,1,11,280.0
ORD-1063,2023-01-11,Mouse,Accessories,80,0,80.0,3,240.0,West,2023,1,11,96.0
ORD-1064,2023-01-11,Headphones,Accessories,350,0,350.0,1,350.0,West,2023,1,11,140.0
ORD-1065,2023-01-12,Headphones,Accessories,350,0,350.0,2,700.0,West,2023,1,12,280.0
ORD-1066,2023-01-12,Keyboard,Accessories,150,0,150.0,1,150.0,West,2023,1,12,60.0
ORD-1067,2023-01-12,Smartphone,Electronics,1800,0,1800.0,1,1800.0,South,2023,1,12,720.0
ORD-1068,2023-01-12,Smartphone,Electronics,1800,0,1800.0,2,3600.0,South,2023,1,12,1440.0
ORD-1069,2023-01-12,Tablet,Electronics,1200,0,1200.0,3,3600.0,North,2023,1,12,1440.0
ORD-1070,2023-01-12,Laptop,Electronics,3500,0,3500.0,3,10500.0,North,2023,1,12,4200.0
ORD-1071,2023-01-13,Mouse,Accessories,80,10,72.0,1,72.0,South,2023,1,13,24.0
ORD-1072,2023-01-13,Keyboard,Accessories,150,0,150.0,2,300.0,North,2023,1,13,120.0
ORD-1073,2023-01-13,Keyboard,Accessories,150,0,150.0,1,150.0,South,2023,1,13,60.0
ORD-1074,2023-01-14,Mouse,Accessories,80,0,80.0,1,80.0,East,2023,1,14,32.0
ORD-1075,2023-01-14,Headphones,Accessories,350,10,315.0,2,630.0,North,2023,1,14,210.0
ORD-1076,2023-01-14,Smartphone,Electronics,1800,0,1800.0,1,1800.0,North,2023,1,14,720.0
ORD-1077,2023-01-14,Monitor,Electronics,800,0,800.0,1,800.0,East,2023,1,14,320.0
ORD-1078,2023-01-14,Tablet,Electronics,1200,0,1200.0,3,3600.0,North,2023,1,14,1440.0
ORD-1079,2023-01-15,Headphones,Accessories,350,0,350.0,1,350.0,East,2023,1,15,140.0
ORD-1080,2023-01-15,Headphones,Accessories,350,0,350.0,3,1050.0,West,2023,1,15,420.0
ORD-1081,2023-01-15,Mouse,Accessories,80,5,76.0,2,152.0,East,2023,1,15,56.0
ORD-1082,2023-01-15,Smartphone,Electronics,1800,0,1800.0,1,1800.0,North,2023,1,15,720.0
ORD-1083,2023-01-15,Tablet,Electronics,1200,0,1200.0,3,3600.0,West,2023,1,15,1440.0
ORD-1084,2023-01-15,Tablet,Electronics,1200,0,1200.0,3,3600.0,West,2023,1,15,1440.0
ORD-1085,2023-01-15,Mouse,Accessories,80,0,80.0,3,240.0,North,2023,1,15,96.0
ORD-1086,2023-01-15,Monitor,Electronics,800,0,800.0,1,800.0,East,2023,1,15,320.0
ORD-1087,2023-01-16,Laptop,Electronics,3500,0,3500.0,3,10500.0,East,2023,1,16,4200.0
ORD-1088,2023-01-16,Laptop,Electronics,3500,0,3500.0,1,3500.0,South,2023,1,16,1400.0
ORD-1089,2023-01-16,Smartphone,Electronics,1800,0,1800.0,3,5400.0,South,2023,1,16,2160.0
ORD-1090,2023-01-16,Headphones,Accessories,350,5,332.5,3,997.5,East,2023,1,16,367.5
ORD-1091,2023-01-16,Printer,Electronics,600,0,600.0,1,600.0,South,2023,1,16,240.0
ORD-1092,2023-01-16,Keyboard,Accessories,150,10,135.0,2,270.0,East,2023,1,16,90.0
ORD-1093,2023-01-16,Tablet,Electronics,1200,15,1020.0,3,3060.0,East,2023,1,16,900.0
ORD-1094,2023-01-16,Laptop,Electronics,3500,0,3500.0,1,3500.0,North,2023,1,16,1400.0
ORD-1095,2023-01-17,Monitor,Electronics,800,0,800.0,2,1600.0,North,2023,1,17,640.0
ORD-1096,2023-01-17,Monitor,Electronics,800,10,720.0,3,2160.0,North,2023,1,17,720.0
ORD-1097,2023-01-17,Monitor,Electronics,800,15,680.0,1,680.0,North,2023,1,17,200.0
ORD-1098,2023-01-17,Smartphone,Electronics,1800,10,1620.0,3,4860.0,West,2023,1,17,1620.0
ORD-1099,2023-01-17,Laptop,Electronics,3500,0,3500.0,2,7000.0,East,2023,1,17,2800.0
ORD-1100,2023-01-18,Laptop,Electronics,3500,0,3500.0,2,7000.0,East,2023,1,18,2800.0
ORD-1101,2023-01-18,Tablet,Electronics,1200,5,1140.0,1,1140.0,North,2023,1,18,420.0
ORD-1102,2023-01-18,Mouse,Accessories,80,0,80.0,3,240.0,East,2023,1,18,96.0
ORD-1103,2023-01-18,Headphones,Accessories,350,5,332.5,3,997.5,West,2023,1,18,367.5
ORD-1104,2023-01-19,Mouse,Accessories,80,0,80.0,1,80.0,West,2023,1,19,32.0
ORD-1105,2023-01-19,Keyboard,Accessories,150,0,150.0,3,450.0,South,2023,1,19,180.0
ORD-1106,2023-01-19,Printer,Electronics,600,0,600.0,2,1200.0,East,2023,1,19,480.0
ORD-1107,2023-01-19,Smartphone,Electronics,1800,0,1800.0,1,1800.0,North,2023,1,19,720.0
ORD-1108,2023-01-19,Monitor,Electronics,800,0,800.0,1,800.0,North,2023,1,19,320.0
ORD-1109,2023-01-19,Monitor,Electronics,800,0,800.0,2,1600.0,South,2023,1,19,640.0
ORD-1110,2023-01-19,Laptop,Electronics,3500,10,3150.0,1,3150.0,West,2023,1,19,1050.0
ORD-1111,2023-01-19,Mouse,Accessories,80,5,76.0,1,76.0,West,2023,1,19,28.0
ORD-1112,2023-01-20,Headphones,Accessories,350,0,350.0,3,1050.0,East,2023,1,20,420.0
ORD-1113,2023-01-20,Mouse,Accessories,80,0,80.0,1,80.0,West,2023,1,20,32.0
ORD-1114,2023-01-20,Mouse,Accessories,80,10,72.0,2,144.0,North,2023,1,20,48.0
ORD-1115,2023-01-20,Tablet,Electronics,1200,0,1200.0,3,3600.0,West,2023,1,20,1440.0
ORD-1116,2023-01-20,Laptop,Electronics,3500,0,3500.0,1,3500.0,East,2023,1,20,1400.0
ORD-1117,2023-01-21,Printer,Electronics,600,5,570.0,3,1710.0,West,2023,1,21,630.0
ORD-1118,2023-01-21,Keyboard,Accessories,150,0,150.0,2,300.0,South,2023,1,21,120.0
ORD-1119,2023-01-21,Laptop,Electronics,3500,0,3500.0,1,3500.0,South,2023,1,21,1400.0
ORD-1120,2023-01-21,Smartphone,Electronics,1800,0,1800.0,2,3600.0,North,2023,1,21,1440.0
ORD-1121,2023-01-21,Monitor,Electronics,800,0,800.0,3,2400.0,South,2023,1,21,960.0
ORD-1122,2023-01-22,Tablet,Electronics,1200,0,1200.0,2,2400.0,West,2023,1,22,960.0
ORD-1123,2023-01-22,Keyboard,Accessories,150,0,150.0,1,150.0,West,2023,1,22,60.0
ORD-1124,2023-01-22,Headphones,Accessories,350,0,350.0,1,350.0,South,2023,1,22,140.0
ORD-1125,2023-01-22,Keyboard,Accessories,150,5,142.5,3,427.5,North,2023,1,22,157.5
ORD-1126,2023-01-22,Mouse,Accessories,80,5,76.0,2,152.0,West,2023,1,22,56.0
ORD-1127,2023-01-23,Laptop,Electronics,3500,10,3150.0,2,6300.0,North,2023,1,23,2100.0
ORD-1128,2023-01-23,Headphones,Accessories,350,0,350.0,1,350.0,South,2023,1,23,140.0
ORD-1129,2023-01-23,Keyboard,Accessories,150,0,150.0,1,150.0,South,2023,1,23,60.0
ORD-1130,2023-01-23,Keyboard,Accessories,150,0,150.0,2,300.0,East,2023,1,23,120.0
ORD-1131,2023-01-23,Headphones,Accessories,350,0,350.0,2,700.0,South,2023,1,23,280.0
ORD-1132,2023-01-23,Tablet,Electronics,1200,15,1020.0,2,2040.0,East,2023,1,23,600.0
ORD-1133,2023-01-24,Printer,Electronics,600,0,600.0,3,1800.0,West,2023,1,24,720.0
ORD-1134,2023-01-24,Headphones,Accessories,350,0,350.0,2,700.0,East,2023,1,24,280.0
ORD-1135,2023-01-24,Laptop,Electronics,3500,0,3500.0,1,3500.0,West,2023,1,24,1400.0
ORD-1136,2023-01-24,Headphones,Accessories,350,15,297.5,1,297.5,East,2023,1,24,87.5
ORD-1137,2023-01-24,Smartphone,Electronics,1800,0,1800.0,1,1800.0,East,2023,1,24,720.0
ORD-1138,2023-01-24,Mouse,Accessories,80,5,76.0,3,228.0,West,2023,1,24,84.0
ORD-1139,2023-01-24,Mouse,Accessories,80,0,80.0,3,240.0,North,2023,1,24,96.0
ORD-1140,2023-01-24,Keyboard,Accessories,150,10,135.0,2,270.0,North,2023,1,24,90.0
ORD-1141,2023-01-24,Laptop,Electronics,3500,10,3150.0,1,3150.0,East,2023,1,24,1050.0
ORD-1142,2023-01-24,Printer,Electronics,600,0,600.0,3,1800.0,North,2023,1,24,720.0
ORD-1143,2023-01-24,Laptop,Electronics,3500,10,3150.0,2,6300.0,North,2023,1,24,2100.0
ORD-1144,2023-01-25,Laptop,Electronics,3500,0,3500.0,3,10500.0,East,2023,1,25,4200.0
ORD-1145,2023-01-25,Tablet,Electronics,1200,0,1200.0,2,2400.0,South,2023,1,25,960.0
ORD-1146,2023-01-25,Smartphone,Electronics,1800,0,1800.0,3,5400.0,North,2023,1,25,2160.0
ORD-1147,2023-01-25,Headphones,Accessories,350,0,350.0,3,1050.0,North,2023,1,25,420.0
ORD-1148,2023-01-26,Monitor,Electronics,800,0,800.0,2,1600.0,South,2023,1,26,640.0
ORD-1149,2023-01-26,Keyboard,Accessories,150,0,150.0,3,450.0,North,2023,1,26,180.0
ORD-1150,2023-01-26,Smartphone,Electronics,1800,0,1800.0,1,1800.0,West,2023,1,26,720.0
ORD-1151,2023-01-27,Laptop,Electronics,3500,0,3500.0,1,3500.0,West,2023,1,27,1400.0
ORD-1152,2023-01-27,Monitor,Electronics,800,0,800.0,1,800.0,North,2023,1,27,320.0
ORD-1153,2023-01-27,Printer,Electronics,600,0,600.0,1,600.0,South,2023,1,27,240.0
ORD-1154,2023-01-27,Printer,Electronics,600,0,600.0,3,1800.0,South,2023,1,27,720.0
ORD-1155,2023-01-27,Laptop,Electronics,3500,0,3500.0,1,3500.0,West,2023,1,27,1400.0
ORD-1156,2023-01-27,Tablet,Electronics,1200,0,1200.0,2,2400.0,East,2023,1,27,960.0
ORD-1157,2023-01-28,Smartphone,Electronics,1800,0,1800.0,2,3600.0,South,2023,1,28,1440.0
ORD-1158,2023-01-28,Mouse,Accessories,80,5,76.0,2,152.0,North,2023,1,28,56.0
ORD-1159,2023-01-28,Printer,Electronics,600,0,600.0,1,600.0,West,2023,1,28,240.0
ORD-1160,2023-01-28,Smartphone,Electronics,1800,10,1620.0,2,3240.0,East,2023,1,28,1080.0
ORD-1161,2023-01-28,Laptop,Electronics,3500,15,2975.0,3,8925.0,West,2023,1,28,2625.0
ORD-1162,2023-01-29,Monitor,Electronics,800,0,800.0,1,800.0,East,2023,1,29,320.0
ORD-1163,2023-01-29,Tablet,Electronics,1200,0,1200.0,3,3600.0,North,2023,1,29,1440.0
ORD-1164,2023-01-29,Mouse,Accessories,80,5,76.0,1,76.0,North,2023,1,29,28.0
ORD-1165,2023-01-29,Laptop,Electronics,3500,5,3325.0,3,9975.0,West,2023,1,29,3675.0
ORD-1166,2023-01-30,Printer,Electronics,600,0,600.0,2,1200.0,West,2023,1,30,480.0
ORD-1167,2023-01-30,Printer,Electronics,600,0,600.0,1,600.0,South,2023,1,30,240.0
ORD-1168,2023-01-30,Monitor,Electronics,800,0,800.0,2,1600.0,North,2023,1,30,640.0
ORD-1169,2023-01-30,Monitor,Electronics,800,0,800.0,1,800.0,North,2023,1,30,320.0
ORD-1170,2023-01-30,Headphones,Accessories,350,0,350.0,1,350.0,West,2023,1,30,140.0
ORD-1171,2023-01-30,Monitor,Electronics,800,0,800.0,1,800.0,North,2023,1,30,320.0
ORD-1172,2023-01-31,Smartphone,Electronics,1800,0,1800.0,3,5400.0,North,2023,1,31,2160.0
ORD-1173,2023-02-01,Keyboard,Accessories,150,0,150.0,1,150.0,East,2023,2,1,60.0
ORD-1174,2023-02-01,Smartphone,Electronics,1800,0,1800.0,1,1800.0,West,2023,2,1,720.0
ORD-1175,2023-02-01,Mouse,Accessories,80,10,72.0,1,72.0,South,2023,2,1,24.0
ORD-1176,2023-02-01,Mouse,Accessories,80,5,76.0,3,228.0,South,2023,2,1,84.0
ORD-1177,2023-02-01,Tablet,Electronics,1200,0,1200.0,1,1200.0,East,2023,2,1,480.0
ORD-1178,2023-02-01,Keyboard,Accessories,150,0,150.0,1,150.0,North,2023,2,1,60.0
ORD-1179,2023-02-01,Tablet,Electronics,1200,15,1020.0,2,2040.0,East,2023,2,1,600.0
ORD-1180,2023-02-01,Keyboard,Accessories,150,0,150.0,2,300.0,North,2023,2,1,120.0
ORD-1181,2023-02-01,Smartphone,Electronics,1800,10,1620.0,1,1620.0,South,2023,2,1,540.0
ORD-1182,2023-02-02,Smartphone,Electronics,1800,0,1800.0,1,1800.0,South,2023,2,2,720.0
ORD-1183,2023-02-02,Headphones,Accessories,350,0,350.0,3,1050.0,North,2023,2,2,420.0
ORD-1184,2023-02-02,Tablet,Electronics,1200,0,1200.0,1,1200.0,East,2023,2,2,480.0
ORD-1185,2023-02-02,Smartphone,Electronics,1800,0,1800.0,1,1800.0,North,2023,2,2,720.0
ORD-1186,2023-02-02,Keyboard,Accessories,150,0,150.0,1,150.0,South,2023,2,2,60.0
ORD-1187,2023-02-02,Smartphone,Electronics,1800,0,1800.0,2,3600.0,North,2023,2,2,1440.0
ORD-1188,2023-02-02,Tablet,Electronics,1200,0,1200.0,1,1200.0,East,2023,2,2,480.0
ORD-1189,2023-02-02,Smartphone,Electronics,1800,0,1800.0,1,1800.0,North,2023,2,2,720.0
ORD-1190,2023-02-02,Printer,Electronics,600,5,570.0,1,570.0,East,2023,2,2,210.0
ORD-1191,2023-02-02,Mouse,Accessories,80,0,80.0,2,160.0,West,2023,2,2,64.0
ORD-1192,2023-02-02,Mouse,Accessories,80,0,80.0,1,80.0,North,2023,2,2,32.0
ORD-1193,2023-02-02,Monitor,Electronics,800,0,800.0,3,2400.0,North,2023,2,2,960.0
ORD-1194,2023-02-02,Mouse,Accessories,80,0,80.0,3,240.0,South,2023,2,2,96.0
ORD-1195,2023-02-02,Smartphone,Electronics,1800,0,1800.0,2,3600.0,North,2023,2,2,1440.0
ORD-1196,2023-02-03,Laptop,Electronics,3500,0,3500.0,1,3500.0,East,2023,2,3,1400.0
ORD-1197,2023-02-03,Smartphone,Electronics,1800,0,1800.0,1,1800.0,West,2023,2,3,720.0
ORD-1198,2023-02-03,Keyboard,Accessories,150,0,150.0,3,450.0,East,2023,2,3,180.0
ORD-1199,2023-02-03,Tablet,Electronics,1200,0,1200.0,1,1200.0,West,2023,2,3,480.0
ORD-1200,2023-02-04,Keyboard,Accessories,150,15,127.5,1,127.5,South,2023,2,4,37.5
ORD-1201,2023-02-04,Monitor,Electronics,800,15,680.0,2,1360.0,West,2023,2,4,400.0
ORD-1202,2023-02-04,Monitor,Electronics,800,5,760.0,1,760.0,East,2023,2,4,280.0
ORD-1203,2023-02-04,Printer,Electronics,600,15,510.0,2,1020.0,West,2023,2,4,300.0
ORD-1204,2023-02-04,Headphones,Accessories,350,0,350.0,3,1050.0,North,2023,2,4,420.0
ORD-1205,2023-02-04,Smartphone,Electronics,1800,0,1800.0,3,5400.0,East,2023,2,4,2160.0
ORD-1206,2023-02-04,Laptop,Electronics,3500,0,3500.0,3,10500.0,South,2023,2,4,4200.0
ORD-1207,2023-02-05,Monitor,Electronics,800,0,800.0,2,1600.0,East,2023,2,5,640.0
ORD-1208,2023-02-05,Tablet,Electronics,1200,0,1200.0,2,2400.0,West,2023,2,5,960.0
ORD-1209,2023-02-05,Monitor,Electronics,800,0,800.0,2,1600.0,South,2023,2,5,640.0
ORD-1210,2023-02-05,Tablet,Electronics,1200,0,1200.0,2,2400.0,East,2023,2,5,960.0
ORD-1211,2023-02-05,Printer,Electronics,600,0,600.0,3,1800.0,South,2023,2,5,720.0
ORD-1212,2023-02-06,Tablet,Electronics,1200,0,1200.0,1,1200.0,South,2023,2,6,480.0
ORD-1213,2023-02-06,Monitor,Electronics,800,0,800.0,3,2400.0,East,2023,2,6,960.0
ORD-1214,2023-02-06,Keyboard,Accessories,150,0,150.0,2,300.0,East,2023,2,6,120.0
ORD-1215,2023-02-06,Printer,Electronics,600,0,600.0,1,600.0,North,2023,2,6,240.0
ORD-1216,2023-02-07,Monitor,Electronics,800,10,720.0,3,2160.0,North,2023,2,7,720.0
ORD-1217,2023-02-07,Monitor,Electronics,800,0,800.0,1,800.0,West,2023,2,7,320.0
ORD-1218,2023-02-07,Tablet,Electronics,1200,15,1020.0,3,3060.0,South,2023,2,7,900.0
ORD-1219,2023-02-07,Mouse,Accessories,80,0,80.0,1,80.0,South,2023,2,7,32.0
ORD-1220,2023-02-08,Laptop,Electronics,3500,0,3500.0,3,10500.0,North,2023,2,8,4200.0
ORD-1221,2023-02-08,Monitor,Electronics,800,0,800.0,3,2400.0,East,2023,2,8,960.0
ORD-1222,2023-02-08,Laptop,Electronics,3500,0,3500.0,3,10500.0,North,2023,2,8,4200.0
ORD-1223,2023-02-08,Smartphone,Electronics,1800,0,1800.0,2,3600.0,North,2023,2,8,1440.0
ORD-1224,2023-02-08,Laptop,Electronics,3500,15,2975.0,1,2975.0,South,2023,2,8,875.0
ORD-1225,2023-02-09,Laptop,Electronics,3500,0,3500.0,1,3500.0,North,2023,2,9,1400.0
ORD-1226,2023-02-09,Smartphone,Electronics,1800,5,1710.0,1,1710.0,North,2023,2,9,630.0
ORD-1227,2023-02-09,Mouse,Accessories,80,10,72.0,3,216.0,West,2023,2,9,72.0
ORD-1228,2023-02-09,Tablet,Electronics,1200,0,1200.0,2,2400.0,North,2023,2,9,960.0
ORD-1229,2023-02-10,Headphones,Accessories,350,0,350.0,3,1050.0,West,2023,2,10,420.0
ORD-1230,2023-02-10,Mouse,Accessories,80,10,72.0,1,72.0,North,2023,2,10,24.0
ORD-1231,2023-02-10,Tablet,Electronics,1200,0,1200.0,2,2400.0,North,2023,2,10,960.0
ORD-1232,2023-02-11,Smartphone,Electronics,1800,10,1620.0,3,4860.0,West,2023,2,11,1620.0
ORD-1233,2023-02-11,Mouse,Accessories,80,0,80.0,3,240.0,East,2023,2,11,96.0
ORD-1234,2023-02-11,Headphones,Accessories,350,0,350.0,2,700.0,North,2023,2,11,280.0
ORD-1235,2023-02-11,Tablet,Electronics,1200,0,1200.0,2,2400.0,West,2023,2,11,960.0
ORD-1236,2023-02-11,Tablet,Electronics,1200,0,1200.0,3,3600.0,North,2023,2,11,1440.0
ORD-1237,2023-02-11,Monitor,Electronics,800,0,800.0,1,800.0,East,2023,2,11,320.0
ORD-1238,2023-02-12,Smartphone,Electronics,1800,10,1620.0,3,4860.0,North,2023,2,12,1620.0
ORD-1239,2023-02-12,Headphones,Accessories,350,10,315.0,1,315.0,West,2023,2,12,105.0
ORD-1240,2023-02-12,Headphones,Accessories,350,10,315.0,2,630.0,East,2023,2,12,210.0
ORD-1241,2023-02-12,Keyboard,Accessories,150,0,150.0,3,450.0,South,2023,2,12,180.0
ORD-1242,2023-02-13,Monitor,Electronics,800,0,800.0,2,1600.0,East,2023,2,13,640.0
ORD-1243,2023-02-13,Smartphone,Electronics,1800,0,1800.0,2,3600.0,North,2023,2,13,1440.0
ORD-1244,2023-02-13,Keyboard,Accessories,150,15,127.5,1,127.5,North,2023,2,13,37.5
ORD-1245,2023-02-13,Keyboard,Accessories,150,0,150.0,2,300.0,West,2023,2,13,120.0
ORD-1246,2023-02-13,Printer,Electronics,600,0,600.0,2,1200.0,West,2023,2,13,480.0
ORD-1247,2023-02-13,Laptop,Electronics,3500,0,3500.0,2,7000.0,West,2023,2,13,2800.0
ORD-1248,2023-02-13,Headphones,Accessories,350,0,350.0,1,350.0,North,2023,2,13,140.0
ORD-1249,2023-02-13,Keyboard,Accessories,150,0,150.0,3,450.0,West,2023,2,13,180.0
ORD-1250,2023-02-14,Headphones,Accessories,350,0,350.0,3,1050.0,North,2023,2,14,420.0
ORD-1251,2023-02-14,Keyboard,Accessories,150,15,127.5,3,382.5,South,2023,2,14,112.5
ORD-1252,2023-02-14,Monitor,Electronics,800,0,800.0,3,2400.0,West,2023,2,14,960.0
ORD-1253,2023-02-15,Keyboard,Accessories,150,15,127.5,2,255.0,North,2023,2,15,75.0
ORD-1254,2023-02-15,Smartphone,Electronics,1800,5,1710.0,2,3420.0,North,2023,2,15,1260.0
ORD-1255,2023-02-15,Smartphone,Electronics,1800,0,1800.0,1,1800.0,West,2023,2,15,720.0
ORD-1256,2023-02-16,Laptop,Electronics,3500,0,3500.0,3,10500.0,North,2023,2,16,4200.0
ORD-1257,2023-02-16,Keyboard,Accessories,150,0,150.0,3,450.0,North,2023,2,16,180.0
ORD-1258,2023-02-16,Monitor,Electronics,800,0,800.0,2,1600.0,West,2023,2,16,640.0
ORD-1259,2023-02-16,Headphones,Accessories,350,15,297.5,3,892.5,North,2023,2,16,262.5
ORD-1260,2023-02-16,Headphones,Accessories,350,15,297.5,2,595.0,North,2023,2,16,175.0
ORD-1261,2023-02-16,Headphones,Accessories,350,5,332.5,2,665.0,South,2023,2,16,245.0
ORD-1262,2023-02-17,Mouse,Accessories,80,0,80.0,2,160.0,West,2023,2,17,64.0
ORD-1263,2023-02-17,Mouse,Accessories,80,15,68.0,3,204.0,East,2023,2,17,60.0
ORD-1264,2023-02-17,Tablet,Electronics,1200,0,1200.0,1,1200.0,North,2023,2,17,480.0
ORD-1265,2023-02-17,Laptop,Electronics,3500,0,3500.0,2,7000.0,West,2023,2,17,2800.0
ORD-1266,2023-02-17,Tablet,Electronics,1200,0,1200.0,2,2400.0,North,2023,2,17,960.0
ORD-1267,2023-02-17,Smartphone,Electronics,1800,15,1530.0,1,1530.0,North,2023,2,17,450.0
ORD-1268,2023-02-17,Laptop,Electronics,3500,0,3500.0,3,10500.0,West,2023,2,17,4200.0
ORD-1269,2023-02-17,Tablet,Electronics,1200,5,1140.0,2,2280.0,North,2023,2,17,840.0
ORD-1270,2023-02-17,Tablet,Electronics,1200,10,1080.0,3,3240.0,West,2023,2,17,1080.0
ORD-1271,2023-02-17,Printer,Electronics,600,15,510.0,1,510.0,South,2023,2,17,150.0
ORD-1272,2023-02-18,Tablet,Electronics,1200,5,1140.0,2,2280.0,South,2023,2,18,840.0
ORD-1273,2023-02-18,Tablet,Electronics,1200,0,1200.0,1,1200.0,East,2023,2,18,480.0
ORD-1274,2023-02-18,Smartphone,Electronics,1800,0,1800.0,1,1800.0,West,2023,2,18,720.0
ORD-1275,2023-02-19,Printer,Electronics,600,10,540.0,2,1080.0,South,2023,2,19,360.0
ORD-1276,2023-02-19,Printer,Electronics,600,0,600.0,2,1200.0,North,2023,2,19,480.0
ORD-1277,2023-02-19,Printer,Electronics,600,0,600.0,3,1800.0,East,2023,2,19,720.0
ORD-1278,2023-02-19,Monitor,Electronics,800,5,760.0,3,2280.0,North,2023,2,19,840.0
ORD-1279,2023-02-20,Printer,Electronics,600,0,600.0,2,1200.0,West,2023,2,20,480.0
ORD-1280,2023-02-20,Laptop,Electronics,3500,0,3500.0,2,7000.0,North,2023,2,20,2800.0
ORD-1281,2023-02-20,Headphones,Accessories,350,0,350.0,1,350.0,South,2023,2,20,140.0
ORD-1282,2023-02-20,Monitor,Electronics,800,0,800.0,2,1600.0,North,2023,2,20,640.0
ORD-1283,2023-02-20,Printer,Electronics,600,15,510.0,3,1530.0,North,2023,2,20,450.0
ORD-1284,2023-02-20,Keyboard,Accessories,150,0,150.0,2,300.0,South,2023,2,20,120.0
ORD-1285,2023-02-20,Monitor,Electronics,800,5,760.0,3,2280.0,East,2023,2,20,840.0
ORD-1286,2023-02-20,Laptop,Electronics,3500,15,2975.0,1,2975.0,West,2023,2,20,875.0
ORD-1287,2023-02-21,Tablet,Electronics,1200,5,1140.0,2,2280.0,North,2023,2,21,840.0
ORD-1288,2023-02-21,Headphones,Accessories,350,0,350.0,1,350.0,North,2023,2,21,140.0
ORD-1289,2023-02-21,Mouse,Accessories,80,0,80.0,2,160.0,South,2023,2,21,64.0
ORD-1290,2023-02-21,Printer,Electronics,600,0,600.0,2,1200.0,East,2023,2,21,480.0
ORD-1291,2023-02-21,Laptop,Electronics,3500,0,3500.0,1,3500.0,North,2023,2,21,1400.0
ORD-1292,2023-02-21,Headphones,Accessories,350,0,350.0,2,700.0,North,2023,2,21,280.0
ORD-1293,2023-02-21,Monitor,Electronics,800,0,800.0,2,1600.0,West,2023,2,21,640.0
ORD-1294,2023-02-21,Smartphone,Electronics,1800,0,1800.0,2,3600.0,North,2023,2,21,1440.0
ORD-1295,2023-02-22,Tablet,Electronics,1200,5,1140.0,1,1140.0,North,2023,2,22,420.0
ORD-1296,2023-02-22,Mouse,Accessories,80,0,80.0,1,80.0,East,2023,2,22,32.0
ORD-1297,2023-02-22,Smartphone,Electronics,1800,0,1800.0,2,3600.0,West,2023,2,22,1440.0
ORD-1298,2023-02-22,Monitor,Electronics,800,0,800.0,3,2400.0,East,2023,2,22,960.0
ORD-1299,2023-02-22,Printer,Electronics,600,10,540.0,2,1080.0,South,2023,2,22,360.0
ORD-1300,2023-02-22,Tablet,Electronics,1200,0,1200.0,3,3600.0,East,2023,2,22,1440.0
ORD-1301,2023-02-23,Tablet,Electronics,1200,0,1200.0,2,2400.0,North,2023,2,23,960.0
ORD-1302,2023-02-23,Keyboard,Accessories,150,10,135.0,1,135.0,North,2023,2,23,45.0
ORD-1303,2023-02-23,Monitor,Electronics,800,0,800.0,2,1600.0,North,2023,2,23,640.0
ORD-1304,2023-02-23,Monitor,Electronics,800,0,800.0,1,800.0,South,2023,2,23,320.0
ORD-1305,2023-02-23,Smartphone,Electronics,1800,5,1710.0,2,3420.0,North,2023,2,23,1260.0
ORD-1306,2023-02-23,Printer,Electronics,600,0,600.0,1,600.0,North,2023,2,23,240.0
ORD-1307,2023-02-23,Tablet,Electronics,1200,0,1200.0,3,3600.0,South,2023,2,23,1440.0
ORD-1308,2023-02-23,Monitor,Electronics,800,10,720.0,1,720.0,North,2023,2,23,240.0
ORD-1309,2023-02-24,Keyboard,Accessories,150,0,150.0,3,450.0,West,2023,2,24,180.0
ORD-1310,2023-02-24,Keyboard,Accessories,150,15,127.5,2,255.0,North,2023,2,24,75.0
ORD-1311,2023-02-24,Laptop,Electronics,3500,0,3500.0,3,10500.0,South,2023,2,24,4200.0
ORD-1312,2023-02-24,Keyboard,Accessories,150,0,150.0,2,300.0,West,2023,2,24,120.0
ORD-1313,2023-02-25,Smartphone,Electronics,1800,0,1800.0,2,3600.0,West,2023,2,25,1440.0
ORD-1314,2023-02-25,Smartphone,Electronics,1800,0,1800.0,2,3600.0,South,2023,2,25,1440.0
ORD-1315,2023-02-26,Smartphone,Electronics,1800,5,1710.0,1,1710.0,North,2023,2,26,630.0
ORD-1316,2023-02-26,Printer,Electronics,600,0,600.0,2,1200.0,North,2023,2,26,480.0
ORD-1317,2023-02-26,Mouse,Accessories,80,0,80.0,2,160.0,West,2023,2,26,64.0
ORD-1318,2023-02-26,Keyboard,Accessories,150,0,150.0,1,150.0,West,2023,2,26,60.0
ORD-1319,2023-02-27,Monitor,Electronics,800,0,800.0,2,1600.0,South,2023,2,27,640.0
ORD-1320,2023-02-27,Smartphone,Electronics,1800,0,1800.0,3,5400.0,South,2023,2,27,2160.0
ORD-1321,2023-02-27,Laptop,Electronics,3500,10,3150.0,2,6300.0,North,2023,2,27,2100.0
ORD-1322,2023-02-27,Laptop,Electronics,3500,0,3500.0,1,3500.0,North,2023,2,27,1400.0
ORD-1323,2023-02-27,Smartphone,Electronics,1800,0,1800.0,3,5400.0,South,2023,2,27,2160.0
ORD-1324,2023-02-27,Keyboard,Accessories,150,0,150.0,2,300.0,North,2023,2,27,120.0
ORD-1325,2023-02-27,Keyboard,Accessories,150,15,127.5,3,382.5,North,2023,2,27,112.5
ORD-1326,2023-02-27,Mouse,Accessories,80,0,80.0,1,80.0,South,2023,2,27,32.0
ORD-1327,2023-02-27,Headphones,Accessories,350,5,332.5,1,332.5,East,2023,2,27,122.5
ORD-1328,2023-02-28,Printer,Electronics,600,10,540.0,3,1620.0,North,2023,2,28,540.0
ORD-1329,2023-02-28,Keyboard,Accessories,150,15,127.5,2,255.0,North,2023,2,28,75.0
ORD-1330,2023-02-28,Keyboard,Accessories,150,0,150.0,2,300.0,North,2023,2,28,120.0
ORD-1331,2023-02-28,Mouse,Accessories,80,15,68.0,1,68.0,South,2023,2,28,20.0
ORD-1332,2023-02-28,Laptop,Electronics,3500,0,3500.0,3,10500.0,North,2023,2,28,4200.0
ORD-1333,2023-02-28,Keyboard,Accessories,150,15,127.5,2,255.0,North,2023,2,28,75.0
ORD-1334,2023-02-28,Smartphone,Electronics,1800,0,1800.0,1,1800.0,West,2023,2,28,720.0
ORD-1335,2023-03-01,Monitor,Electronics,800,0,800.0,3,2400.0,South,2023,3,1,960.0
ORD-1336,2023-03-01,Mouse,Accessories,80,0,80.0,3,240.0,South,2023,3,1,96.0
ORD-1337,2023-03-01,Printer,Electronics,600,0,600.0,2,1200.0,East,2023,3,1,480.0
ORD-1338,2023-03-01,Smartphone,Electronics,1800,0,1800.0,1,1800.0,East,2023,3,1,720.0
ORD-1339,2023-03-01,Printer,Electronics,600,10,540.0,2,1080.0,North,2023,3,1,360.0
ORD-1340,2023-03-01,Smartphone,Electronics,1800,10,1620.0,1,1620.0,West,2023,3,1,540.0
ORD-1341,2023-03-01,Smartphone,Electronics,1800,0,1800.0,2,3600.0,East,2023,3,1,1440.0
ORD-1342,2023-03-01,Printer,Electronics,600,0,600.0,3,1800.0,North,2023,3,1,720.0
ORD-1343,2023-03-01,Printer,Electronics,600,0,600.0,1,600.0,East,2023,3,1,240.0
ORD-1344,2023-03-01,Tablet,Electronics,1200,0,1200.0,3,3600.0,South,2023,3,1,1440.0
ORD-1345,2023-03-02,Keyboard,Accessories,150,0,150.0,1,150.0,East,2023,3,2,60.0
ORD-1346,2023-03-02,Smartphone,Electronics,1800,0,1800.0,2,3600.0,West,2023,3,2,1440.0
ORD-1347,2023-03-02,Laptop,Electronics,3500,5,3325.0,1,3325.0,East,2023,3,2,1225.0
ORD-1348,2023-03-02,Laptop,Electronics,3500,10,3150.0,3,9450.0,South,2023,3,2,3150.0
ORD-1349,2023-03-02,Mouse,Accessories,80,0,80.0,2,160.0,West,2023,3,2,64.0
ORD-1350,2023-03-03,Keyboard,Accessories,150,0,150.0,1,150.0,West,2023,3,3,60.0
ORD-1351,2023-03-03,Laptop,Electronics,3500,0,3500.0,2,7000.0,North,2023,3,3,2800.0
ORD-1352,2023-03-03,Monitor,Electronics,800,0,800.0,1,800.0,South,2023,3,3,320.0
ORD-1353,2023-03-03,Keyboard,Accessories,150,0,150.0,3,450.0,South,2023,3,3,180.0
ORD-1354,2023-03-03,Laptop,Electronics,3500,0,3500.0,1,3500.0,North,2023,3,3,1400.0
ORD-1355,2023-03-03,Tablet,Electronics,1200,0,1200.0,3,3600.0,East,2023,3,3,1440.0
ORD-1356,2023-03-03,Smartphone,Electronics,1800,0,1800.0,2,3600.0,East,2023,3,3,1440.0
ORD-1357,2023-03-03,Printer,Electronics,600,0,600.0,2,1200.0,North,2023,3,3,480.0
ORD-1358,2023-03-03,Smartphone,Electronics,1800,0,1800.0,1,1800.0,South,2023,3,3,720.0
ORD-1359,2023-03-03,Keyboard,Accessories,150,0,150.0,3,450.0,East,2023,3,3,180.0
ORD-1360,2023-03-03,Printer,Electronics,600,10,540.0,3,1620.0,East,2023,3,3,540.0
ORD-1361,2023-03-03,Tablet,Electronics,1200,0,1200.0,3,3600.0,North,2023,3,3,1440.0
ORD-1362,2023-03-03,Monitor,Electronics,800,0,800.0,3,2400.0,West,2023,3,3,960.0
ORD-1363,2023-03-03,Headphones,Accessories,350,0,350.0,3,1050.0,North,2023,3,3,420.0
ORD-1364,2023-03-03,Keyboard,Accessories,150,0,150.0,2,300.0,North,2023,3,3,120.0
ORD-1365,2023-03-04,Headphones,Accessories,350,0,350.0,1,350.0,South,2023,3,4,140.0
ORD-1366,2023-03-04,Monitor,Electronics,800,0,800.0,3,2400.0,North,2023,3,4,960.0
ORD-1367,2023-03-04,Mouse,Accessories,80,0,80.0,2,160.0,West,2023,3,4,64.0
ORD-1368,2023-03-04,Smartphone,Electronics,1800,0,1800.0,1,1800.0,North,2023,3,4,720.0
ORD-1369,2023-03-04,Headphones,Accessories,350,5,332.5,2,665.0,North,2023,3,4,245.0
ORD-1370,2023-03-04,Monitor,Electronics,800,0,800.0,1,800.0,North,2023,3,4,320.0
ORD-1371,2023-03-04,Headphones,Accessories,350,10,315.0,2,630.0,East,2023,3,4,210.0
ORD-1372,2023-03-04,Printer,Electronics,600,0,600.0,1,600.0,West,2023,3,4,240.0
ORD-1373,2023-03-05,Monitor,Electronics,800,10,720.0,2,1440.0,West,2023,3,5,480.0
ORD-1374,2023-03-05,Laptop,Electronics,3500,0,3500.0,2,7000.0,East,2023,3,5,2800.0
ORD-1375,2023-03-05,Smartphone,Electronics,1800,10,1620.0,1,1620.0,West,2023,3,5,540.0
ORD-1376,2023-03-05,Printer,Electronics,600,0,600.0,1,600.0,West,2023,3,5,240.0
ORD-1377,2023-03-05,Smartphone,Electronics,1800,10,1620.0,3,4860.0,East,2023,3,5,1620.0
ORD-1378,2023-03-06,Laptop,Electronics,3500,5,3325.0,2,6650.0,North,2023,3,6,2450.0
ORD-1379,2023-03-06,Monitor,Electronics,800,0,800.0,2,1600.0,North,2023,3,6,640.0
ORD-1380,2023-03-06,Headphones,Accessories,350,0,350.0,2,700.0,East,2023,3,6,280.0
ORD-1381,2023-03-06,Mouse,Accessories,80,0,80.0,1,80.0,East,2023,3,6,32.0
ORD-1382,2023-03-07,Printer,Electronics,600,0,600.0,3,1800.0,South,2023,3,7,720.0
ORD-1383,2023-03-07,Keyboard,Accessories,150,0,150.0,1,150.0,West,2023,3,7,60.0
ORD-1384,2023-03-07,Tablet,Electronics,1200,0,1200.0,3,3600.0,South,2023,3,7,1440.0
ORD-1385,2023-03-07,Mouse,Accessories,80,5,76.0,1,76.0,East,2023,3,7,28.0
ORD-1386,2023-03-08,Monitor,Electronics,800,0,800.0,2,1600.0,East,2023,3,8,640.0
ORD-1387,2023-03-08,Smartphone,Electronics,1800,5,1710.0,3,5130.0,North,2023,3,8,1890.0
ORD-1388,2023-03-08,Keyboard,Accessories,150,0,150.0,1,150.0,South,2023,3,8,60.0
ORD-1389,2023-03-08,Laptop,Electronics,3500,0,3500.0,3,10500.0,East,2023,3,8,4200.0
ORD-1390,2023-03-08,Keyboard,Accessories,150,10,135.0,1,135.0,East,2023,3,8,45.0
ORD-1391,2023-03-08,Headphones,Accessories,350,0,350.0,3,1050.0,North,2023,3,8,420.0
ORD-1392,2023-03-09,Printer,Electronics,600,0,600.0,2,1200.0,North,2023,3,9,480.0
ORD-1393,2023-03-09,Smartphone,Electronics,1800,0,1800.0,3,5400.0,North,2023,3,9,2160.0
ORD-1394,2023-03-09,Headphones,Accessories,350,0,350.0,2,700.0,West,2023,3,9,280.0
ORD-1395,2023-03-10,Monitor,Electronics,800,0,800.0,2,1600.0,East,2023,3,10,640.0
ORD-1396,2023-03-10,Smartphone,Electronics,1800,0,1800.0,1,1800.0,East,2023,3,10,720.0
ORD-1397,2023-03-10,Laptop,Electronics,3500,0,3500.0,3,10500.0,North,2023,3,10,4200.0
ORD-1398,2023-03-10,Laptop,Electronics,3500,5,3325.0,3,9975.0,South,2023,3,10,3675.0
ORD-1399,2023-03-10,Headphones,Accessories,350,15,297.5,3,892.5,North,2023,3,10,262.5
ORD-1400,2023-03-10,Headphones,Accessories,350,0,350.0,3,1050.0,West,2023,3,10,420.0
ORD-1401,2023-03-10,Printer,Electronics,600,10,540.0,1,540.0,East,2023,3,10,180.0
ORD-1402,2023-03-10,Mouse,Accessories,80,0,80.0,2,160.0,West,2023,3,10,64.0
ORD-1403,2023-03-11,Laptop,Electronics,3500,10,3150.0,1,3150.0,West,2023,3,11,1050.0
ORD-1404,2023-03-11,Smartphone,Electronics,1800,0,1800.0,1,1800.0,South,2023,3,11,720.0
ORD-1405,2023-03-11,Smartphone,Electronics,1800,0,1800.0,1,1800.0,North,2023,3,11,720.0
ORD-1406,2023-03-11,Tablet,Electronics,1200,0,1200.0,1,1200.0,South,2023,3,11,480.0
ORD-1407,2023-03-11,Headphones,Accessories,350,0,350.0,2,700.0,East,2023,3,11,280.0
ORD-1408,2023-03-12,Monitor,Electronics,800,15,680.0,2,1360.0,South,2023,3,12,400.0
ORD-1409,2023-03-12,Mouse,Accessories,80,0,80.0,1,80.0,East,2023,3,12,32.0
ORD-1410,2023-03-12,Laptop,Electronics,3500,0,3500.0,2,7000.0,East,2023,3,12,2800.0
ORD-1411,2023-03-12,Mouse,Accessories,80,10,72.0,2,144.0,West,2023,3,12,48.0
ORD-1412,2023-03-13,Printer,Electronics,600,0,600.0,3,1800.0,North,2023,3,13,720.0
ORD-1413,2023-03-13,Keyboard,Accessories,150,0,150.0,3,450.0,East,2023,3,13,180.0
ORD-1414,2023-03-13,Smartphone,Electronics,1800,15,1530.0,2,3060.0,East,2023,3,13,900.0
ORD-1415,2023-03-13,Laptop,Electronics,3500,0,3500.0,2,7000.0,West,2023,3,13,2800.0
ORD-1416,2023-03-13,Headphones,Accessories,350,0,350.0,3,1050.0,East,2023,3,13,420.0
ORD-1417,2023-03-14,Mouse,Accessories,80,0,80.0,2,160.0,East,2023,3,14,64.0
ORD-1418,2023-03-14,Laptop,Electronics,3500,0,3500.0,2,7000.0,South,2023,3,14,2800.0
ORD-1419,2023-03-14,Printer,Electronics,600,0,600.0,1,600.0,North,2023,3,14,240.0
ORD-1420,2023-03-15,Headphones,Accessories,350,0,350.0,1,350.0,West,2023,3,15,140.0
ORD-1421,2023-03-15,Printer,Electronics,600,15,510.0,1,510.0,West,2023,3,15,150.0
ORD-1422,2023-03-16,Keyboard,Accessories,150,0,150.0,3,450.0,North,2023,3,16,180.0
ORD-1423,2023-03-16,Mouse,Accessories,80,0,80.0,2,160.0,North,2023,3,16,64.0
ORD-1424,2023-03-16,Tablet,Electronics,1200,5,1140.0,1,1140.0,South,2023,3,16,420.0
ORD-1425,2023-03-16,Smartphone,Electronics,1800,15,1530.0,2,3060.0,North,2023,3,16,900.0
ORD-1426,2023-03-16,Printer,Electronics,600,15,510.0,3,1530.0,North,2023,3,16,450.0
ORD-1427,2023-03-17,Tablet,Electronics,1200,0,1200.0,1,1200.0,South,2023,3,17,480.0
ORD-1428,2023-03-17,Tablet,Electronics,1200,0,1200.0,3,3600.0,North,2023,3,17,1440.0
ORD-1429,2023-03-17,Headphones,Accessories,350,0,350.0,3,1050.0,North,2023,3,17,420.0
ORD-1430,2023-03-17,Headphones,Accessories,350,0,350.0,1,350.0,East,2023,3,17,140.0
ORD-1431,2023-03-17,Monitor,Electronics,800,0,800.0,2,1600.0,West,2023,3,17,640.0
ORD-1432,2023-03-18,Mouse,Accessories,80,0,80.0,1,80.0,East,2023,3,18,32.0
ORD-1433,2023-03-18,Mouse,Accessories,80,0,80.0,2,160.0,South,2023,3,18,64.0
ORD-1434,2023-03-19,Keyboard,Accessories,150,0,150.0,2,300.0,North,2023,3,19,120.0
ORD-1435,2023-03-19,Keyboard,Accessories,150,5,142.5,2,285.0,East,2023,3,19,105.0
ORD-1436,2023-03-19,Monitor,Electronics,800,0,800.0,2,1600.0,East,2023,3,19,640.0
ORD-1437,2023-03-19,Keyboard,Accessories,150,10,135.0,1,135.0,East,2023,3,19,45.0
ORD-1438,2023-03-20,Keyboard,Accessories,150,0,150.0,2,300.0,North,2023,3,20,120.0
ORD-1439,2023-03-20,Laptop,Electronics,3500,0,3500.0,3,10500.0,East,2023,3,20,4200.0
ORD-1440,2023-03-21,Keyboard,Accessories,150,0,150.0,3,450.0,North,2023,3,21,180.0
ORD-1441,2023-03-21,Smartphone,Electronics,1800,0,1800.0,2,3600.0,South,2023,3,21,1440.0
ORD-1442,2023-03-21,Headphones,Accessories,350,0,350.0,1,350.0,West,2023,3,21,140.0
ORD-1443,2023-03-21,Keyboard,Accessories,150,15,127.5,1,127.5,West,2023,3,21,37.5
ORD-1444,2023-03-21,Laptop,Electronics,3500,0,3500.0,1,3500.0,South,2023,3,21,1400.0
ORD-1445,2023-03-21,Keyboard,Accessories,150,10,135.0,1,135.0,North,2023,3,21,45.0
ORD-1446,2023-03-22,Headphones,Accessories,350,10,315.0,1,315.0,South,2023,3,22,105.0
ORD-1447,2023-03-22,Printer,Electronics,600,0,600.0,3,1800.0,North,2023,3,22,720.0
ORD-1448,2023-03-22,Laptop,Electronics,3500,0,3500.0,3,10500.0,North,2023,3,22,4200.0
ORD-1449,2023-03-23,Printer,Electronics,600,0,600.0,1,600.0,North,2023,3,23,240.0
ORD-1450,2023-03-23,Printer,Electronics,600,5,570.0,1,570.0,East,2023,3,23,210.0
ORD-1451,2023-03-23,Tablet,Electronics,1200,0,1200.0,3,3600.0,West,2023,3,23,1440.0
ORD-1452,2023-03-24,Keyboard,Accessories,150,0,150.0,2,300.0,West,2023,3,24,120.0
ORD-1453,2023-03-25,Headphones,Accessories,350,15,297.5,3,892.5,West,2023,3,25,262.5
ORD-1454,2023-03-25,Tablet,Electronics,1200,0,1200.0,3,3600.0,East,2023,3,25,1440.0
ORD-1455,2023-03-25,Mouse,Accessories,80,0,80.0,2,160.0,North,2023,3,25,64.0
ORD-1456,2023-03-25,Headphones,Accessories,350,0,350.0,1,350.0,West,2023,3,25,140.0
ORD-1457,2023-03-26,Laptop,Electronics,3500,0,3500.0,1,3500.0,North,2023,3,26,1400.0
ORD-1458,2023-03-26,Laptop,Electronics,3500,0,3500.0,2,7000.0,North,2023,3,26,2800.0
ORD-1459,2023-03-26,Laptop,Electronics,3500,0,3500.0,2,7000.0,West,2023,3,26,2800.0
ORD-1460,2023-03-27,Smartphone,Electronics,1800,0,1800.0,1,1800.0,South,2023,3,27,720.0
ORD-1461,2023-03-27,Smartphone,Electronics,1800,0,1800.0,2,3600.0,West,2023,3,27,1440.0
ORD-1462,2023-03-27,Printer,Electronics,600,0,600.0,2,1200.0,South,2023,3,27,480.0
ORD-1463,2023-03-27,Printer,Electronics,600,0,600.0,2,1200.0,South,2023,3,27,480.0
ORD-1464,2023-03-27,Tablet,Electronics,1200,0,1200.0,2,2400.0,East,2023,3,27,960.0
ORD-1465,2023-03-27,Mouse,Accessories,80,15,68.0,2,136.0,East,2023,3,27,40.0
ORD-1466,2023-03-27,Tablet,Electronics,1200,0,1200.0,2,2400.0,West,2023,3,27,960.0
ORD-1467,2023-03-27,Smartphone,Electronics,1800,10,1620.0,2,3240.0,West,2023,3,27,1080.0
ORD-1468,2023-03-28,Laptop,Electronics,3500,0,3500.0,3,10500.0,West,2023,3,28,4200.0
ORD-1469,2023-03-28,Keyboard,Accessories,150,10,135.0,2,270.0,East,2023,3,28,90.0
ORD-1470,2023-03-28,Monitor,Electronics,800,0,800.0,3,2400.0,North,2023,3,28,960.0
ORD-1471,2023-03-28,Mouse,Accessories,80,15,68.0,2,136.0,West,2023,3,28,40.0
ORD-1472,2023-03-28,Keyboard,Accessories,150,0,150.0,1,150.0,North,2023,3,28,60.0
ORD-1473,2023-03-28,Monitor,Electronics,800,15,680.0,3,2040.0,South,2023,3,28,600.0
ORD-1474,2023-03-29,Monitor,Electronics,800,0,800.0,1,800.0,West,2023,3,29,320.0
ORD-1475,2023-03-29,Laptop,Electronics,3500,0,3500.0,3,10500.0,East,2023,3,29,4200.0
ORD-1476,2023-03-29,Keyboard,Accessories,150,10,135.0,2,270.0,East,2023,3,29,90.0
ORD-1477,2023-03-29,Printer,Electronics,600,0,600.0,1,600.0,South,2023,3,29,240.0
ORD-1478,2023-03-29,Printer,Electronics,600,5,570.0,1,570.0,West,2023,3,29,210.0
ORD-1479,2023-03-29,Headphones,Accessories,350,0,350.0,3,1050.0,West,2023,3,29,420.0
ORD-1480,2023-03-30,Tablet,Electronics,1200,0,1200.0,1,1200.0,East,2023,3,30,480.0
ORD-1481,2023-03-30,Monitor,Electronics,800,0,800.0,3,2400.0,South,2023,3,30,960.0
ORD-1482,2023-03-30,Keyboard,Accessories,150,0,150.0,1,150.0,North,2023,3,30,60.0
ORD-1483,2023-03-30,Smartphone,Electronics,1800,0,1800.0,2,3600.0,East,2023,3,30,1440.0
ORD-1484,2023-03-30,Mouse,Accessories,80,15,68.0,1,68.0,South,2023,3,30,20.0
ORD-1485,2023-03-30,Tablet,Electronics,1200,10,1080.0,3,3240.0,South,2023,3,30,1080.0
ORD-1486,2023-03-30,Tablet,Electronics,1200,0,1200.0,1,1200.0,South,2023,3,30,480.0
ORD-1487,2023-03-30,Headphones,Accessories,350,10,315.0,2,630.0,East,2023,3,30,210.0
ORD-1488,2023-03-31,Keyboard,Accessories,150,0,150.0,2,300.0,East,2023,3,31,120.0
ORD-1489,2023-03-31,Keyboard,Accessories,150,0,150.0,2,300.0,South,2023,3,31,120.0
ORD-1490,2023-03-31,Laptop,Electronics,3500,0,3500.0,1,3500.0,East,2023,3,31,1400.0
ORD-1491,2023-03-31,Headphones,Accessories,350,0,350.0,1,350.0,North,2023,3,31,140.0
ORD-1492,2023-03-31,Printer,Electronics,600,0,600.0,2,1200.0,East,2023,3,31,480.0
ORD-1493,2023-03-31,Mouse,Accessories,80,0,80.0,2,160.0,East,2023,3,31,64.0
ORD-1494,2023-03-31,Headphones,Accessories,350,0,350.0,3,1050.0,North,2023,3,31,420.0
ORD-1495,2023-03-31,Mouse,Accessories,80,5,76.0,1,76.0,West,2023,3,31,28.0
ORD-1496,2023-03-31,Keyboard,Accessories,150,10,135.0,3,405.0,East,2023,3,31,135.0
ORD-1497,2023-03-31,Keyboard,Accessories,150,0,150.0,2,300.0,South,2023,3,31,120.0
ORD-1498,2023-03-31,Smartphone,Electronics,1800,0,1800.0,3,5400.0,East,2023,3,31,2160.0
ORD-1499,2023-03-31,Tablet,Electronics,1200,15,1020.0,3,3060.0,West,2023,3,31,900.0
